GenderMainDriver,MaritalMainDriver,Claim
Female,Married,182.06
Male,Married,120.13
Male,Married,354.94
Male,Married,283.03
Female,Partnership,441.02
Female,Single,922.2
Female,Married,110.55
Male,Married,442.23
Male,Married,50.81
Female,Single,50
Male,Married,9899.951933
Male,Married,81.65
Male,Married,50
Male,Single,449.05
Female,Single,118.51
Male,Married,1694.84
Male,Married,192.25
Female,Married,50
Male,Married,1359.13
Male,Married,50
Male,Married,50
Male,Single,50
Male,Single,234.34
Female,Married,389.51
Female,Married,1901.46
Male,Single,3291.99
Female,Married,3230.37
Female,Married,50.22
Male,Single,50
Male,Married,50
Male,Married,1136.96
Male,Married,1130.38
Male,Married,1389.64
Male,Married,1690.42
Female,Married,546.05
Male,Single,5611.61
Male,Single,1254.78
Male,Married,1568.73
Male,Married,1207.07
Female,Married,454.9
Male,Married,408.34
Male,Married,52.02
Male,Single,1296.22
Male,Other,227.02
Male,Married,11844.13
Male,Single,376.06
Male,Married,685.29
Male,Married,1131.76
Male,Married,553.77
Male,Married,577.29
Male,Single,1888.77
Male,Married,1033.58
Male,Single,934.51
Female,Married,509.94
Male,Married,824.75
Male,Married,1708.35
Male,Married,605.05
Male,Single,352.96
Female,Married,2042.4
Female,Married,484.91
Male,Married,422.68
Female,Single,1412.78
Female,Single,570.79
Male,Married,869.2
Female,Married,333.86
Male,Single,50.04
Female,Single,574.69
Female,Married,254.1
Female,Married,50
Female,Married,712.59
Male,Single,617.37
Male,Single,676.88
Female,Married,622.34
Female,Married,546.69
Male,Married,651.67
Male,Married,703.8
Male,Single,390.76
Female,Married,287.24
Male,Married,1120.31
Female,Single,50.04
Female,Married,641.16
Female,Married,1045.25
Male,Married,360.51
Female,Single,888.91
Male,Single,126.56
Female,Single,323.12
Male,Married,931.52
Male,Married,729.87
Female,Other,342.99
Male,Married,720.77
Female,Single,472.69
Male,Married,300.79
Female,Married,748.68
Female,Married,579.08
Female,Married,1176.64
Male,Married,140.48
Female,Married,258.63
Female,Married,1057.05
Female,Married,631.57
Female,Married,141.44
Female,Married,1175.84
Female,Married,719.45
Male,Married,733.45
Female,Married,451.83
Male,Single,633.32
Male,Single,1236.57
Female,Other,551.9
Female,Married,1617.29
Male,Married,715.59
Female,Single,696.01
Female,Married,669.25
Female,Married,1963.45
Male,Other,2805.11
Male,Married,1219.37
Male,Married,510.79
Male,Single,789.33
Male,Single,365.61
Male,Married,925.94
Male,Single,1011.87
Female,Married,50
Female,Single,348.52
Female,Married,391.08
Male,Single,1053.63
Female,Married,61.46
Male,Married,892.56
Male,Married,1260.69
Male,Married,152.07
Male,Married,115.77
Female,Married,510.69
Male,Married,952.93
Male,Married,858.95
Female,Married,50
Male,Married,819.81
Male,Married,623.94
Female,Single,494.94
Male,Married,50.49
Male,Single,279.92
Male,Married,828.21
Female,Married,50.01
Male,Married,711.99
Female,Married,746.8
Male,Married,329.73
Male,Married,470.63
Female,Single,420.47
Male,Married,189.4
Female,Married,541.61
Female,Single,896.02
Female,Married,353.39
Female,Married,898.56
Female,Married,493.47
Female,Single,316.52
Male,Married,1300.24
Male,Single,557.81
Female,Married,918.66
Female,Married,111.23
Male,Other,2288.16
Male,Married,729.03
Male,Married,159.86
Female,Married,404.67
Male,Single,623.85
Female,Married,825.81
Male,Married,503.93
Male,Married,1468.77
Male,Married,599.78
Male,Single,1118.19
Male,Single,1315.33
Female,Married,566.35
Female,Single,1207.43
Male,Married,461.22
Female,Single,382.55
Male,Married,595.36
Male,Married,825.78
Male,Other,437.41
Male,Married,1430.49
Male,Married,543.45
Female,Married,791.89
Female,Married,772.07
Male,Married,266.83
Female,Single,81.48
Female,Married,157.2
Male,Single,845.23
Female,Married,542.55
Male,Married,493.13
Female,Single,802.32
Male,Married,729.02
Male,Married,565.15
Male,Married,1132.27
Male,Married,541.39
Male,Married,680.32
Male,Married,939.1
Male,Single,683.76
Male,Married,992.22
Male,Other,53.16
Male,Married,1913.8
Female,Single,521.58
Female,Married,878.5
Male,Single,584.72
Male,Married,510.65
Male,Married,540.9
Female,Single,2797.34
Male,Other,932.64
Male,Single,1060.86
Male,Single,859.95
Male,Married,1851.34
Female,Married,598.08
Female,Married,163.16
Female,Single,315.46
Male,Married,813.61
Male,Other,1463.5
Male,Single,740.8
Male,Married,779.58
Male,Single,279.87
Female,Single,660.72
Male,Married,1089.38
Male,Married,462.76
Female,Married,554.83
Male,Married,66.23
Male,Married,1048.91
Male,Married,55.98
Female,Married,428.09
Male,Single,1545.95
Female,Married,1292.95
Male,Married,1318.93
Female,Single,721.6
Male,Married,1503.37
Male,Married,984
Female,Married,593.47
Female,Married,528.58
Female,Married,305.11
Male,Single,657.94
Female,Married,748.2
Female,Married,437.45
Female,Married,651.83
Male,Married,579.23
Female,Married,84.32
Female,Married,947.05
Male,Single,1311.21
Female,Married,725.63
Female,Married,869.67
Female,Married,582.7
Male,Married,425.41
Female,Married,413.81
Female,Married,294.87
Male,Married,819.11
Male,Married,2488.35
Female,Married,50
Male,Married,7139.02
Female,Married,620.04
Female,Married,1096.01
Male,Married,1506.35
Female,Single,343.02
Female,Married,945.35
Female,Married,1211.74
Male,Married,4205.73
Male,Married,2594.46
Female,Single,272.18
Female,Married,467.81
Female,Married,281.55
Male,Married,1183.41
Male,Married,705.03
Male,Single,2179.89
Female,Single,422.9
Male,Married,521.34
Male,Married,1721.14
Male,Married,430.32
Male,Married,1402.11
Male,Married,871.74
Female,Single,403.47
Male,Married,924.71
Male,Married,348.02
Male,Married,55.21
Male,Married,695.18
Male,Single,254.63
Male,Married,1290.74
Male,Married,1106.39
Male,Married,1633.67
Female,Single,118.82
Male,Single,226.59
Female,Single,2910.47
Male,Single,1243.7
Male,Married,1305.71
Male,Single,163.73
Male,Married,1732.85
Male,Single,1862.98
Male,Single,50
Male,Married,50
Male,Single,6491.17
Male,Single,442.64
Male,Other,2273.97
Male,Single,1434.75
Female,Married,1915.74
Male,Single,50
Female,Single,971.27
Male,Married,752.09
Male,Married,474.26
Female,Married,347.34
Female,Single,815.56
Male,Married,550.54
Female,Single,63.01
Female,Married,1309.94
Female,Married,223.72
Male,Married,766.17
Male,Single,392.19
Male,Single,1074.51
Female,Married,338.01
Female,Married,663.8
Female,Married,356.97
Male,Married,733.58
Male,Married,476.71
Male,Married,603.18
Female,Married,528.47
Male,Single,1087.39
Female,Single,50.01
Male,Married,333.61
Male,Other,749.43
Female,Single,50
Female,Married,514.48
Male,Single,608.24
Male,Single,1918.84
Male,Married,50.34
Male,Married,705.56
Female,Single,1478.38
Male,Married,6405.7
Male,Married,1708.4
Female,Single,847.08
Female,Single,641.4
Male,Single,1484.01
Male,Single,1627.26
Female,Married,543.75
Male,Married,825.87
Female,Married,3458.49
Male,Married,843.94
Female,Married,466.66
Female,Married,116
Male,Single,3169.07
Male,Married,495.13
Male,Married,199.99
Female,Married,815.84
Male,Single,934.68
Male,Married,1014.88
Male,Single,525.86
Male,Married,1179.32
Male,Married,756.42
Female,Married,645.21
Male,Married,1824.18
Male,Other,414.44
Male,Married,1152.59
Male,Married,231.46
Male,Other,2266.31
Male,Married,1604.26
Male,Married,807.45
Male,Married,1383.02
Male,Married,1346.9
Male,Single,416.09
Female,Married,660.75
Female,Married,484.23
Male,Single,574.31
Male,Married,694.59
Female,Single,67.96
Male,Married,70.34
Male,Single,150.1
Male,Married,415.78
Male,Married,470.76
Female,Single,1219.65
Female,Married,124.46
Male,Other,748.23
Female,Single,425.58
Female,Married,68.21
Male,Married,476.48
Female,Single,628.08
Male,Single,359.09
Female,Other,361.25
Female,Married,50
Male,Other,689.72
Male,Married,356.05
Male,Married,1343.94
Male,Married,923.37
Male,Other,936.19
Male,Married,243.28
Male,Married,329.7
Female,Married,541.26
Male,Single,510.3
Male,Single,1983.3
Female,Married,714.11
Male,Single,503.81
Male,Single,365.77
Female,Married,129.52
Female,Married,587.3
Male,Married,674.28
Male,Married,1233.04
Male,Married,684.06
Female,Married,600.1
Female,Married,849.13
Female,Other,276.95
Male,Married,543.58
Male,Single,1804.51
Female,Married,988.82
Male,Single,911.83
Male,Married,839.49
Male,Married,356.57
Female,Married,928.26
Female,Married,1010.43
Male,Single,1371.22
Male,Married,1613.15
Female,Single,605.37
Male,Married,749.92
Male,Married,516.74
Female,Other,1400.12
Male,Single,975.94
Male,Married,958.03
Male,Single,740.15
Female,Married,711.62
Male,Single,489.5
Female,Married,227.53
Female,Married,696.13
Male,Single,872.95
Male,Married,564.57
Female,Married,119
Male,Other,386.66
Female,Married,492.62
Female,Married,1078.31
Male,Married,754.72
Female,Single,246.8
Female,Married,474.42
Female,Married,607.65
Male,Married,906.25
Male,Married,1221.45
Male,Single,582.91
Female,Married,595.76
Female,Single,320.09
Female,Other,546.55
Female,Married,513.63
Male,Married,513.69
Female,Married,569.65
Female,Single,1229.71
Male,Married,282.5
Female,Married,1398.26
Male,Single,750.46
Male,Married,565.74
Female,Married,50
Male,Married,1773.99
Female,Married,310.53
Male,Married,444.97
Female,Married,793.91
Male,Single,831.3
Male,Single,1686.95
Female,Single,386.83
Male,Married,623.62
Female,Other,383.08
Female,Married,1472.49
Male,Married,1082.93
Female,Single,115.44
Male,Single,1240.05
Male,Married,1548.7
Male,Married,655.92
Female,Married,649.8
Female,Married,322.61
Female,Married,108.41
Female,Single,1849.96
Male,Married,409.93
Male,Single,960.78
Female,Other,637.45
Female,Married,753.38
Male,Married,410.22
Female,Married,50
Male,Married,666.7
Female,Married,1129.32
Male,Married,506.03
Female,Married,1104.96
Female,Single,1660.47
Female,Married,633.64
Female,Married,1139.9
Male,Married,836.13
Female,Single,1074.53
Male,Married,900.64
Female,Other,998.15
Female,Single,455.94
Female,Married,691.56
Male,Married,649.78
Male,Married,394.72
Male,Single,532.6
Male,Single,1046.6
Male,Single,482.86
Male,Married,836.11
Female,Married,555.64
Male,Married,706.97
Female,Married,2244.57
Male,Married,668.25
Male,Married,643.63
Male,Married,995.03
Male,Single,160.85
Female,Married,1007.76
Male,Single,314.61
Female,Married,319.88
Male,Married,935.26
Male,Married,2346.56
Female,Married,955.87
Female,Married,1066.88
Male,Married,1217.61
Male,Married,882.02
Male,Married,666.32
Male,Married,1283.94
Female,Single,564.7
Female,Single,271.25
Male,Married,661.84
Male,Other,98.8
Male,Single,1247.83
Male,Married,265.91
Female,Married,326.26
Male,Married,839.6
Male,Single,493.12
Male,Single,283.49
Male,Single,750.17
Female,Married,457.45
Male,Married,681.4
Female,Married,868.23
Female,Married,637.26
Female,Single,552.94
Female,Married,551.51
Male,Single,594.97
Male,Married,889.21
Female,Married,447.29
Male,Other,921.32
Male,Married,321.93
Male,Married,325.72
Male,Married,449.52
Female,Married,647.96
Female,Single,452.86
Female,Married,703.51
Male,Single,869.94
Male,Single,1019.69
Male,Married,826.19
Male,Single,521.59
Male,Single,277.02
Female,Married,203.33
Female,Married,276.49
Female,Single,811.44
Female,Married,884.59
Female,Single,69.22
Female,Married,687.37
Female,Single,191.29
Male,Married,355.57
Male,Married,580.35
Female,Single,299.77
Female,Married,717.59
Male,Married,511.94
Male,Married,395.26
Male,Married,799.72
Male,Married,886.07
Male,Married,1130.18
Male,Married,629.6
Male,Married,322
Male,Married,1181.6
Female,Married,615.61
Male,Married,862.02
Male,Married,887.55
Male,Single,624.15
Female,Single,101.82
Female,Married,1196.27
Male,Married,651.27
Male,Single,690
Male,Married,384.72
Male,Married,1165.23
Male,Married,1162.44
Male,Partnership,821.68
Female,Single,731.33
Female,Single,176.77
Female,Married,193.73
Male,Single,1685.57
Female,Married,847.83
Male,Married,437.77
Female,Married,741.2
Female,Married,330.14
Male,Single,2116.67
Female,Married,2781.53
Female,Single,1483.18
Male,Married,1046.54
Female,Married,1494.97
Male,Single,1641.01
Female,Married,1490.51
Male,Single,2165.97
Male,Married,1305.54
Male,Married,791.88
Male,Married,568.52
Male,Married,582.8
Female,Married,1885.69
Male,Single,874.43
Male,Single,652.51
Male,Married,1420.13
Male,Single,1371.06
Male,Married,1793.97
Male,Single,1740.15
Female,Single,3485.84
Male,Single,615.76
Female,Married,1020.39
Male,Married,2320.32
Male,Other,1125.06
Female,Married,680.95
Male,Married,971.5
Male,Single,1652.81
Male,Single,929.58
Male,Married,285.07
Male,Married,1035.9
Male,Married,211.89
Male,Married,679.29
Female,Single,1343.09
Female,Married,435.92
Female,Single,1106.31
Male,Married,694.12
Male,Married,865.88
Male,Single,622.38
Male,Married,993.56
Female,Married,603.34
Male,Married,1296.62
Female,Married,1838.14
Male,Married,1589.37
Female,Married,322.85
Male,Married,1051.94
Male,Married,454.04
Female,Married,401.3
Male,Married,1600.99
Female,Married,1043.17
Male,Single,1651.74
Female,Single,288.73
Female,Married,485.13
Female,Married,278.48
Male,Married,50
Male,Single,307.43
Female,Married,66.87
Male,Married,221.66
Male,Married,163.36
Female,Married,4265.4
Female,Married,50
Female,Married,719.55
Female,Married,342.56
Male,Married,276.26
Male,Married,573.19
Male,Married,816.86
Male,Married,654.47
Female,Married,1172.73
Male,Married,50
Female,Married,100
Male,Single,169.82
Male,Married,939.08
Male,Married,359.67
Male,Single,162.98
Female,Married,5125.03
Female,Married,682.65
Female,Married,2100.78
Male,Married,1369.04
Male,Single,50
Male,Single,50
Female,Married,1313.55
Male,Married,1488.58
Male,Single,3288.97
Female,Married,871.19
Male,Married,2890.14
Female,Married,99.37
Male,Married,587.89
Male,Married,1171.6
Male,Single,397.34
Male,Married,8052.74
Male,Married,756.79
Male,Married,1131.19
Male,Married,1701.98
Male,Single,2054.81
Female,Married,7851.55
Male,Single,50
Male,Single,50
Male,Married,564.83
Male,Single,1213.21
Male,Married,2160.82
Female,Single,74.38
Male,Married,845.91
Male,Married,426.26
Male,Married,647.97
Female,Married,137.92
Male,Married,709.59
Male,Married,592.01
Female,Married,1058.57
Male,Married,1698.93
Male,Married,587.72
Female,Married,494.6
Male,Married,813.79
Male,Married,1067.45
Male,Married,728.09
Male,Single,734.79
Male,Single,824.92
Female,Married,623.82
Male,Single,1633.21
Female,Married,619.71
Male,Single,1148.78
Female,Married,711.19
Female,Single,50
Male,Married,448.1
Male,Married,1334.07
Male,Single,757.27
Male,Married,1445.58
Female,Married,429.67
Male,Married,824.91
Male,Married,392.58
Female,Married,82.02
Male,Single,446.23
Female,Single,589.26
Male,Married,228.89
Female,Single,440.97
Female,Married,54.64
Male,Single,644.65
Female,Married,510.65
Male,Married,398.56
Female,Single,309.55
Male,Single,647.38
Female,Married,495.96
Male,Other,218.84
Male,Married,1650
Male,Married,647.56
Male,Single,860.85
Female,Married,1846.69
Female,Single,388.16
Female,Married,522.3
Female,Single,115.01
Male,Single,419.06
Male,Married,873.89
Male,Single,1165.45
Female,Married,1000.41
Male,Married,1506.09
Female,Single,441.4
Female,Single,1472.27
Female,Married,648.78
Male,Married,1326.53
Female,Married,1380.1
Male,Married,918.04
Female,Married,505.55
Female,Married,1307.49
Female,Single,322.19
Male,Married,1213.12
Male,Married,331.86
Male,Married,1489.9
Male,Married,816.59
Male,Single,50.02
Male,Married,510.8
Male,Married,1717.82
Female,Married,840.47
Female,Other,1813.3
Female,Married,539.28
Female,Married,579.87
Male,Single,3085.78
Male,Single,1239.08
Male,Single,273.27
Female,Married,403.85
Female,Married,406.98
Male,Married,381.5
Female,Single,482.19
Female,Married,1154.65
Female,Married,488.36
Male,Married,403.11
Female,Married,459.12
Male,Married,599.64
Female,Married,488
Male,Married,460.71
Male,Married,559.55
Female,Single,508.75
Female,Married,1103.48
Male,Married,1407.75
Female,Married,479.54
Female,Married,386.06
Female,Single,708.17
Female,Married,540.24
Female,Married,1283.47
Female,Married,539.13
Male,Single,1125.71
Female,Married,603.3
Female,Married,652.02
Male,Married,641.98
Male,Married,474.3
Male,Married,698.23
Male,Single,952.1
Male,Married,207.96
Female,Married,490.14
Female,Married,669.38
Male,Married,477.59
Female,Married,341.78
Female,Married,458.52
Female,Other,958.69
Male,Other,356.71
Female,Married,678.42
Male,Married,3082.02
Male,Married,902.29
Male,Married,722.63
Male,Other,841.79
Female,Single,423.28
Male,Married,670.83
Male,Married,618.47
Male,Married,578.57
Male,Single,311.22
Male,Married,240.82
Female,Married,1860.74
Male,Married,1131.49
Female,Married,1638.95
Male,Married,541.44
Male,Married,195.71
Female,Married,791.81
Male,Married,666.56
Male,Married,897.78
Female,Other,1121.89
Female,Married,404.84
Male,Married,401.8
Female,Married,860.52
Male,Married,747.55
Female,Married,1258.53
Male,Married,775.53
Female,Married,984.11
Male,Married,1934.36
Female,Single,622.16
Male,Single,1287.79
Female,Single,679.68
Male,Single,665.21
Male,Married,663.69
Female,Married,749.73
Female,Married,394.23
Female,Married,739.2
Female,Married,588.65
Female,Married,515.19
Female,Married,855.96
Female,Married,2146.18
Female,Married,740.44
Female,Married,50
Female,Married,721.2
Male,Single,940.26
Female,Married,909.62
Female,Married,156.88
Female,Married,584.01
Male,Single,535.7
Male,Married,589.61
Male,Single,441.61
Female,Single,1343.72
Female,Married,746.71
Male,Single,1016.34
Male,Married,961.76
Male,Married,917.44
Female,Single,1138.89
Male,Single,966.74
Male,Married,1671.84
Male,Married,476.54
Male,Single,626.6
Male,Married,685.02
Male,Married,641.16
Female,Married,548.81
Male,Married,138.34
Male,Other,52.36
Male,Single,100.01
Male,Married,363.69
Female,Other,339.95
Male,Married,529.62
Male,Married,988.15
Female,Married,1504.4
Male,Single,508.1
Male,Married,2298.16
Male,Married,263.97
Male,Married,1644.92
Male,Single,51.94
Male,Married,587.38
Female,Single,112.59
Female,Married,535.72
Female,Married,2334.47
Male,Married,2948.1
Female,Married,2015.81
Male,Other,740.71
Male,Single,906.42
Male,Married,842.19
Female,Married,2218.19
Male,Married,641.65
Female,Married,677.53
Male,Married,784.84
Male,Married,1034.58
Male,Other,2515.05
Male,Single,110.28
Female,Married,754.04
Male,Married,286.74
Male,Married,1275.49
Male,Single,210.09
Male,Single,89.9
Male,Married,791.09
Male,Married,615.71
Male,Married,188.38
Female,Married,301.97
Male,Married,1030.11
Male,Married,449.92
Female,Married,581.55
Male,Married,986.92
Female,Married,1761.71
Female,Single,1603.88
Male,Married,1110.44
Female,Married,447.27
Male,Single,743.18
Male,Single,1003.12
Male,Other,392.07
Female,Single,54.42
Female,Married,215.28
Male,Married,211.46
Male,Single,1096.53
Male,Married,794.16
Female,Married,1885.69
Male,Married,211.97
Female,Married,882.91
Male,Married,526.88
Male,Single,1231.59
Female,Single,1307.29
Male,Married,2961.5
Female,Married,751.72
Female,Single,1049.24
Female,Married,3762.07
Male,Married,591.25
Male,Married,1153.99
Male,Married,2415.05
Male,Married,1896.88
Male,Married,742.56
Male,Other,227.67
Male,Single,459.61
Female,Married,435.46
Male,Married,678.47
Male,Married,312.22
Female,Married,679.9
Male,Married,856.76
Female,Single,233.09
Female,Married,1189.85
Male,Married,1338.35
Male,Married,598.92
Male,Married,543.54
Male,Married,703.57
Female,Single,1140.29
Male,Married,712.87
Male,Married,500.45
Male,Married,521.57
Female,Married,485.71
Female,Married,545.72
Female,Married,480.48
Female,Single,336.35
Male,Married,592.2
Male,Single,50
Female,Married,863.17
Male,Married,432.53
Female,Single,793.59
Female,Married,497.14
Male,Single,245.22
Male,Married,512.73
Male,Married,742.64
Female,Single,422.25
Male,Married,459.53
Male,Married,827.21
Male,Married,533.73
Male,Married,947.3
Female,Married,605.23
Male,Married,694.16
Female,Married,364.39
Female,Single,713.23
Male,Married,958.93
Female,Married,628.15
Male,Married,1126.7
Male,Married,1691.41
Female,Married,373.25
Female,Single,932.79
Female,Married,738.87
Female,Married,889.68
Female,Married,1320.18
Female,Single,50
Male,Single,3363.13
Male,Single,1635.51
Male,Married,1543.51
Female,Married,50
Female,Married,2992.22
Female,Single,158.18
Male,Married,860.68
Male,Other,432.54
Female,Married,752.29
Male,Married,1550.29
Female,Married,719.46
Male,Single,608.93
Male,Married,233.05
Female,Married,480.89
Female,Single,482.72
Male,Single,542.82
Female,Single,90.35
Male,Married,1006.22
Male,Single,1065.41
Female,Married,1165.02
Female,Married,832
Female,Single,1059.51
Female,Single,672.87
Male,Married,7624.2
Male,Other,143.21
Male,Married,405.07
Male,Married,560.98
Male,Married,485.27
Female,Married,515.14
Female,Single,114.72
Male,Married,768.49
Male,Married,559.64
Male,Married,613.44
Female,Married,344.38
Male,Married,413.34
Male,Married,510.75
Male,Married,758.49
Female,Married,1104.65
Male,Single,1892.15
Male,Married,61.15
Male,Married,1935.05
Female,Married,530.67
Female,Single,360.92
Male,Married,1564.44
Female,Married,642.62
Male,Married,599.71
Male,Single,346.99
Female,Married,99.28
Male,Other,2863.31
Male,Married,62.39
Male,Single,2018.43
Female,Single,797.43
Female,Single,87.4
Male,Married,93.68
Male,Single,295.41
Male,Single,651.36
Female,Married,51.35
Male,Married,621.77
Female,Married,515.23
Male,Single,352.75
Female,Married,324.38
Male,Married,536.04
Female,Partnership,582.22
Male,Single,1209.9
Male,Other,604.83
Female,Married,660.41
Male,Married,534.28
Female,Single,50.1
Male,Married,61.27
Female,Married,1516.63
Male,Married,192.52
Male,Single,1232.63
Female,Married,2366.98
Male,Single,11470.87
Male,Married,488.16
Male,Married,820.13
Female,Married,50
Female,Married,1152.2
Male,Married,480.71
Male,Married,589.14
Male,Married,1058.57
Female,Single,835.91
Female,Married,54.39
Male,Married,571.67
Female,Married,181.61
Female,Married,581.51
Female,Married,165.04
Male,Married,355.41
Female,Married,340.29
Male,Married,355.22
Male,Single,1063.54
Male,Married,731.25
Male,Married,2693.52
Male,Married,503.02
Male,Married,167.85
Male,Married,477.44
Male,Other,515.85
Male,Single,208.37
Male,Married,417.42
Female,Married,468.23
Female,Married,367
Male,Married,202.39
Female,Single,483.28
Male,Married,706.76
Female,Other,171.16
Male,Married,281.97
Male,Married,617.93
Male,Married,475.18
Male,Married,741.23
Female,Married,163.91
Female,Married,476.55
Female,Married,1335.77
Female,Married,329.78
Male,Married,2098.42
Male,Other,1513.81
Male,Married,313.32
Female,Single,2349.36
Male,Married,446.14
Female,Married,629.66
Male,Other,520.5
Female,Married,712.47
Female,Married,753.62
Male,Married,844.27
Male,Married,1070.24
Male,Single,6552.92
Male,Single,2217.29
Female,Married,630.71
Male,Married,1022.99
Male,Married,690.13
Male,Married,1462
Male,Single,1082.37
Male,Single,1638.81
Female,Married,1783.8
Female,Married,2469.17
Male,Married,1540.45
Female,Married,939.98
Male,Married,694.56
Female,Single,50.01
Female,Married,75.53
Male,Married,1482.86
Female,Married,50
Female,Married,650.46
Male,Single,1032.58
Male,Single,436.33
Female,Married,570.7
Male,Single,1831
Female,Married,780.51
Male,Single,1880.09
Male,Married,2910.23
Female,Married,1408.48
Female,Married,691.45
Female,Married,319.47
Female,Married,264.19
Female,Married,1673.51
Male,Married,2760.18
Male,Single,1323.14
Male,Single,1355.94
Male,Married,481.69
Male,Married,1694.22
Male,Married,1420.16
Male,Single,1783.04
Female,Married,786.89
Male,Single,468.34
Male,Married,1185.77
Male,Single,1331.95
Male,Married,4980.48
Female,Married,1591.65
Female,Married,1038.33
Male,Married,350.87
Male,Single,370.39
Male,Single,496.28
Male,Married,669.67
Male,Married,2213.11
Male,Married,567.14
Female,Married,1157.84
Male,Married,1379.76
Male,Married,201.8
Male,Married,607.25
Female,Single,272.58
Male,Other,2839.53
Male,Married,781.81
Male,Married,477.75
Male,Married,422.22
Male,Married,1267.67
Female,Married,533.57
Male,Married,553.35
Male,Married,1917.86
Female,Married,1700.46
Male,Married,611.06
Male,Married,1017.67
Male,Married,760.92
Male,Other,408.81
Female,Married,675.15
Male,Married,595.12
Male,Single,1323.38
Male,Married,1228.9
Male,Married,3167.95
Male,Married,4750.61
Male,Married,1502.94
Male,Married,753.69
Male,Married,2114.06
Female,Married,1455.89
Male,Single,1054.77
Female,Married,163.17
Male,Married,50.86
Male,Single,50
Male,Married,123.31
Male,Married,659.08
Male,Married,50
Female,Single,50.07
Male,Married,2292.96
Male,Married,206.31
Male,Married,288.61
Male,Married,50
Male,Other,7091.26
Male,Married,1120.13
Male,Single,142.86
Male,Single,50
Male,Single,402.2
Female,Married,50
Male,Married,50
Male,Married,1283.6
Male,Married,2135.52
Male,Single,565.31
Male,Married,186.97
Male,Married,1238.58
Female,Single,362.09
Female,Married,1984.31
Male,Single,50
Male,Single,50
Female,Married,1859.29
Male,Married,675.69
Female,Married,2159.63
Female,Married,3090.99
Male,Single,320.39
Male,Married,904.93
Female,Married,872.71
Male,Other,712.05
Male,Married,1469.26
Male,Single,657.85
Male,Single,1638.88
Male,Married,1405.65
Female,Married,59.35
Male,Single,534.51
Male,Single,1385.13
Male,Married,4585.75
Male,Married,537.95
Male,Single,478.05
Male,Single,354.62
Female,Married,515.7
Female,Single,232.59
Male,Single,616.57
Male,Married,50
Female,Married,907.36
Male,Married,956.31
Male,Married,838.19
Male,Married,894
Female,Married,237.32
Female,Single,103.13
Male,Married,530.09
Male,Married,956.88
Male,Single,791.74
Male,Married,546.58
Female,Married,432.96
Male,Single,756.43
Female,Married,614.5
Male,Married,946.38
Male,Single,575.07
Female,Married,82.52
Female,Single,627.12
Female,Married,915.56
Male,Married,680.82
Male,Other,758.75
Male,Married,468.76
Female,Single,113.02
Female,Married,1055.97
Male,Other,1684.72
Female,Single,1641.96
Female,Married,455.11
Female,Other,652.92
Female,Married,605.58
Male,Married,453.68
Male,Married,522.8
Female,Married,464.01
Female,Single,1638.84
Female,Single,199.89
Female,Single,51.72
Male,Single,1330.45
Male,Married,375.44
Male,Single,446.1
Female,Married,963.58
Female,Married,1015.6
Male,Single,1157.15
Male,Married,590.98
Female,Married,912.17
Male,Married,1304.71
Female,Married,594.26
Male,Married,1355.08
Male,Married,1572.94
Female,Married,723.14
Male,Single,491.01
Male,Married,72.18
Male,Married,3480.41
Male,Married,511.48
Female,Married,436.39
Female,Married,740.89
Male,Other,330.44
Male,Other,1375.85
Female,Single,320.55
Female,Married,429.69
Male,Other,434.19
Male,Married,582.35
Male,Married,1474.99
Male,Single,652.16
Female,Married,1894.84
Male,Married,512.59
Male,Married,344.41
Female,Married,725.12
Male,Married,71.98
Female,Single,52.71
Male,Single,1272.96
Female,Married,1288.63
Male,Married,643.31
Male,Married,859.13
Female,Married,599.24
Male,Single,643.62
Male,Married,896.32
Female,Married,392.79
Female,Married,497.7
Male,Single,176.56
Female,Other,480.83
Female,Married,613.44
Male,Married,642.45
Female,Married,671.05
Female,Married,437.46
Male,Single,627.68
Male,Single,551.7
Male,Married,200.18
Female,Married,714.94
Male,Other,582.07
Female,Married,785.71
Female,Married,801.98
Male,Married,1646.97
Male,Other,897.1
Female,Married,50.34
Female,Married,711.85
Female,Married,3217.72
Female,Married,515.02
Male,Single,311.41
Male,Married,666.33
Female,Single,146.06
Female,Other,1243.62
Male,Single,901.9
Male,Married,962.71
Female,Married,1003.19
Male,Single,1603.74
Male,Single,292.49
Female,Married,197.35
Male,Married,2174
Female,Single,703.64
Male,Single,798.9
Female,Married,491.72
Female,Married,790.06
Female,Married,107.8
Male,Married,1233.83
Female,Married,751.75
Male,Married,692.84
Female,Married,50.92
Male,Married,568.04
Female,Married,2367.61
Female,Married,1319.45
Female,Married,725.71
Male,Married,1224.7
Female,Married,1118.92
Female,Married,980.99
Female,Married,941.02
Male,Married,944.64
Male,Married,458.45
Male,Married,996.24
Male,Single,1528.68
Female,Married,520.76
Female,Married,446.71
Male,Married,817.01
Female,Married,966.86
Male,Single,406.24
Male,Married,915.02
Female,Married,338.76
Male,Married,161.8
Male,Married,2946.85
Male,Single,1068.73
Female,Married,652.7
Female,Married,940.49
Male,Married,1315.61
Female,Single,72.75
Male,Married,1291.32
Male,Married,1190.94
Female,Married,1102.11
Male,Married,741.12
Female,Single,320.11
Male,Married,944.25
Male,Single,556.19
Female,Married,940.71
Male,Married,1015.63
Male,Single,1297.88
Male,Married,1013.63
Male,Other,423.33
Female,Other,432.47
Male,Married,868.41
Male,Married,1321.79
Female,Married,356.69
Male,Single,709.85
Female,Married,451.16
Female,Married,543.19
Male,Married,1028.21
Male,Married,494.51
Female,Single,850
Female,Married,701.97
Female,Single,1349.83
Female,Married,539
Male,Married,405.29
Male,Married,1266.63
Male,Other,891.8
Female,Married,687.18
Female,Single,302.52
Male,Single,478.8
Male,Single,883.06
Male,Married,923.58
Female,Married,969.49
Female,Married,70.22
Male,Married,1751.39
Female,Married,941.08
Male,Married,1229.92
Male,Single,232.04
Male,Married,1033.96
Male,Married,806.03
Female,Married,826.73
Female,Married,868.3
Female,Other,50
Male,Married,470.8
Female,Married,473.6
Male,Married,1508.29
Female,Married,1406.02
Female,Married,1513.27
Male,Married,18084.47572
Male,Married,17378.66894
Male,Married,2195.18
Male,Married,50.59
Male,Married,953.04
Female,Married,765.58
Female,Married,394.73
Female,Married,403.88
Male,Married,60.08
Female,Married,466.39
Male,Married,3654.5
Male,Married,1678.12
Female,Married,2622.37
Male,Single,2815.88
Male,Single,207.91
Male,Single,5321.39
Female,Married,543.77
Female,Married,918.76
Male,Single,1614.34
Male,Single,3222.59
Male,Single,2178.33
Female,Married,412.3
Male,Single,972.48
Male,Married,1035.94
Female,Single,53.93
Male,Married,538.22
Female,Married,52.79
Male,Married,606.07
Male,Single,332.07
Male,Married,492.17
Male,Married,717.7
Female,Single,659.88
Male,Married,950.53
Female,Married,51.76
Female,Married,661.11
Male,Married,494.28
Male,Single,1127.21
Male,Married,1052.56
Female,Married,405.32
Female,Married,843.79
Male,Married,393.1
Female,Married,322.97
Female,Married,661.58
Male,Married,628.47
Female,Single,410.15
Female,Single,445.13
Male,Married,549.75
Male,Married,510.98
Male,Married,889.25
Male,Married,3201.16
Female,Married,4740.63
Male,Married,121.2
Female,Single,508.91
Female,Single,50.02
Male,Married,128.81
Male,Single,1178.78
Male,Single,1809.36
Male,Married,800.51
Male,Married,1586.53
Female,Married,1135.87
Male,Single,898.52
Male,Married,375.76
Male,Married,612.33
Male,Married,2030.83
Male,Married,1352.73
Male,Single,380.87
Male,Married,801.66
Male,Married,935.32
Male,Single,910.87
Female,Married,217.57
Male,Married,1318.17
Male,Married,544.69
Male,Married,817.84
Male,Single,827.38
Female,Married,1241.9
Male,Single,1304.04
Male,Married,687.22
Male,Married,663.94
Male,Married,757.09
Male,Married,355.61
Male,Single,661.03
Male,Married,1363.49
Female,Single,853.42
Male,Single,528.16
Female,Married,577.47
Female,Single,490.85
Male,Married,183.06
Female,Married,592.26
Male,Married,762.42
Male,Married,63.45
Male,Married,422.25
Female,Married,1450.48
Female,Married,1442.26
Male,Married,832.57
Female,Married,599.2
Male,Married,462.08
Male,Married,633.17
Male,Married,418.55
Female,Single,1598.8
Male,Married,1295.77
Male,Other,499.67
Male,Other,538.66
Male,Married,588.64
Male,Single,564.68
Male,Married,961.77
Female,Married,374.01
Male,Married,635.91
Female,Married,1166.24
Female,Married,452.57
Female,Single,82.45
Female,Married,1924.87
Female,Married,1738.45
Male,Married,774.64
Male,Married,491.57
Male,Married,443.4
Male,Married,997.65
Female,Married,404.97
Male,Married,788.5
Female,Married,711.99
Female,Single,1274.36
Female,Married,1213.48
Female,Single,1542.87
Male,Married,197.44
Male,Single,729.58
Female,Married,307.7
Female,Single,50
Male,Married,513.79
Male,Other,971.1
Male,Married,155.68
Male,Married,57.41
Female,Married,1066.07
Male,Married,1291.76
Female,Married,1000.24
Male,Married,1356.21
Female,Married,1099.99
Male,Single,544.05
Male,Single,931.12
Female,Single,837.97
Male,Married,614.03
Male,Single,1273.7
Male,Married,457.09
Male,Married,522.39
Male,Married,707.56
Female,Single,787.29
Male,Married,475.55
Male,Single,151.34
Male,Married,418.4
Female,Single,1255.13
Female,Married,296.33
Female,Married,620.38
Female,Single,692.76
Male,Single,792.49
Female,Married,356.89
Male,Married,1080.68
Male,Married,1292.19
Male,Single,893.62
Male,Married,969.38
Male,Single,2371.76
Male,Married,1576.62
Male,Married,1863.07
Male,Married,899.36
Male,Married,416.09
Female,Married,652.96
Male,Married,384.21
Female,Married,1541.83
Male,Married,2021.03
Female,Married,351.12
Female,Single,1461.93
Female,Married,382.59
Female,Married,853.3
Male,Single,834.8
Female,Single,50.01
Female,Married,347.32
Male,Married,1214.08
Female,Married,692.07
Male,Married,434.36
Male,Married,1705.07
Male,Other,1101.67
Male,Married,692.72
Female,Married,759.65
Male,Married,1567.78
Female,Married,535.37
Male,Married,1030.81
Male,Married,435.51
Female,Married,716.36
Male,Married,1589.55
Male,Married,532.75
Male,Married,1045.82
Male,Single,1243.53
Male,Single,1455.23
Female,Single,53.61
Female,Married,1892.42
Male,Married,552.65
Male,Married,450.68
Female,Married,549.42
Female,Married,50
Female,Married,642.14
Male,Married,667.55
Female,Single,618.57
Male,Married,958.25
Female,Single,316.87
Male,Married,1018.9
Male,Other,443.58
Male,Single,349.23
Female,Married,1012.45
Female,Married,457.18
Male,Married,427.56
Female,Married,299.44
Female,Single,8518.5
Female,Other,269.53
Female,Single,1081.22
Male,Married,542.7
Male,Married,955.12
Male,Married,1504.04
Female,Married,794.75
Female,Single,1858.4
Male,Married,530.49
Male,Married,574.91
Male,Married,1189.01
Male,Married,494.53
Female,Married,494.98
Male,Married,577.33
Female,Married,249.58
Male,Single,589.74
Female,Other,2063.59
Female,Married,1177.67
Female,Married,627.62
Male,Married,1480.85
Female,Single,1127.97
Female,Married,438.7
Male,Other,667.13
Male,Married,420.89
Female,Married,3298.54
Female,Married,365.64
Female,Married,1478.72
Female,Married,601.53
Female,Single,50
Female,Married,419.42
Male,Married,422.14
Male,Single,600.03
Female,Married,611.65
Female,Married,1027.16
Female,Single,72.63
Male,Single,920.74
Male,Married,674.14
Male,Single,531.93
Male,Other,1792.2
Female,Married,1030.66
Male,Single,1090.12
Male,Married,601
Female,Married,495.06
Female,Married,531.09
Male,Married,457.69
Male,Married,793.63
Male,Married,657.14
Female,Married,1556.54
Female,Single,50
Female,Married,721.38
Male,Married,1614.38
Male,Married,2296.99
Male,Married,1474.21
Male,Married,783.05
Female,Single,50.02
Male,Married,801.95
Female,Married,1145.05
Female,Single,736.3
Male,Married,707.21
Male,Married,1515.55
Female,Single,947.15
Male,Married,1591.52
Female,Married,1611.2
Male,Single,1259.04
Male,Married,747.6
Male,Married,2967.5
Female,Married,4434.44
Female,Married,986.98
Male,Married,9529.52
Female,Single,1374.09
Female,Single,919.24
Male,Married,852.25
Male,Married,1041.06
Male,Married,1346.62
Female,Married,3075.01
Female,Married,1832.94
Female,Married,964.71
Male,Married,1177.15
Male,Married,1460.97
Female,Married,1492.71
Female,Married,956.85
Male,Married,330.74
Male,Single,504.63
Male,Married,1829.55
Male,Married,1501.59
Male,Married,7165.15
Male,Single,1306.33
Female,Single,97.57
Male,Married,545.36
Male,Married,1385.27
Male,Married,1580.14
Female,Single,1234.04
Male,Single,706.27
Female,Married,50.93
Female,Single,54.87
Female,Other,1345.61
Male,Married,262.48
Female,Single,729.09
Male,Single,428.76
Female,Single,1917.61
Female,Married,650.2
Male,Single,1084.6
Male,Single,563.51
Male,Married,3868.56
Male,Single,1057.27
Male,Single,512.61
Male,Married,1637.25
Male,Other,956.56
Male,Married,870.19
Male,Single,83.28
Male,Single,822.82
Male,Married,1815.41
Female,Married,1121.63
Male,Married,164.62
Female,Married,381.97
Male,Married,3372.51
Male,Married,50
Male,Married,684.19
Male,Married,126.56
Female,Married,633.71
Male,Single,1556.98
Male,Single,967.64
Male,Married,1193.11
Female,Married,175.42
Male,Married,1146.28
Female,Married,1144.82
Male,Single,825.77
Male,Married,272.77
Female,Other,50
Male,Married,1495.01
Male,Married,50
Male,Single,3978.83
Male,Single,50.35
Female,Married,470.86
Male,Single,57.73
Female,Married,1108.13
Male,Married,378.01
Female,Married,1367.71
Male,Single,2904.72
Male,Single,794.7
Male,Married,1502.77
Male,Single,1891.24
Female,Married,50
Male,Married,50
Female,Single,2005.95
Male,Married,1457.8
Male,Other,3532.01
Male,Single,380.58
Female,Other,881.83
Male,Married,549.32
Female,Married,1042.73
Male,Married,50
Male,Married,985.91
Male,Partnership,50
Male,Married,1819.93
Female,Married,50
Male,Other,93.48
Male,Married,727.88
Female,Married,1537.9
Male,Married,602.5
Female,Married,741.35
Male,Married,743.28
Male,Single,1462.85
Female,Married,847.82
Male,Married,296.46
Female,Married,1027.73
Male,Married,312.93
Female,Single,332.61
Female,Married,716.42
Male,Married,548.01
Female,Single,509.94
Male,Single,1041.88
Female,Single,94.24
Male,Single,1218.79
Male,Single,960.86
Male,Married,1132
Male,Married,1569.49
Male,Married,556.34
Female,Single,1035.21
Male,Married,512.2
Male,Married,367.18
Male,Single,619.39
Female,Married,608.59
Male,Single,939.63
Male,Other,876.41
Female,Married,1813.8
Male,Single,698.13
Female,Married,50.13
Female,Married,831.85
Female,Married,3902.09
Female,Single,204.69
Female,Married,639.89
Female,Married,437.16
Male,Married,343.15
Female,Other,400.32
Male,Single,1486.75
Male,Married,530.88
Male,Married,359.55
Female,Married,855.47
Male,Single,762.41
Male,Married,1417.65
Female,Married,1086.01
Male,Married,2296.83
Female,Married,772.17
Female,Single,391.08
Male,Married,1118.62
Male,Married,747.08
Male,Married,599.11
Male,Married,510.74
Male,Married,1136.36
Male,Married,562.76
Male,Married,2735.93
Male,Married,971.93
Female,Married,436.54
Male,Married,916.31
Male,Married,818.05
Male,Other,3747.34
Female,Single,498.41
Female,Single,807.4
Female,Married,643.01
Male,Married,187.9
Female,Married,975.11
Male,Single,302.4
Male,Married,427.61
Female,Married,1007.4
Male,Married,1052.11
Male,Married,643.3
Female,Married,376.15
Male,Single,1364.36
Male,Married,1715.55
Female,Single,139.31
Male,Single,644.41
Female,Married,513.57
Female,Married,1306.46
Male,Married,711.16
Male,Single,1091.44
Female,Married,1114.36
Male,Married,740.58
Male,Single,750.34
Male,Married,1728.03
Female,Single,353.67
Female,Married,404.08
Male,Married,467.8
Male,Married,1063.64
Female,Married,525.32
Male,Married,674.21
Female,Married,459.6
Male,Single,5790.86
Female,Single,352.64
Male,Other,1140.43
Male,Single,2037.16
Male,Single,1555.12
Female,Married,478.71
Female,Single,905.35
Male,Married,1106.95
Female,Married,316.29
Male,Married,1077.78
Female,Single,641.35
Female,Married,1617.1
Male,Married,618.3
Male,Other,1014.51
Female,Married,189.83
Male,Other,565.12
Female,Married,408.3
Female,Single,1185.87
Male,Married,496.71
Female,Married,830.84
Female,Married,903.24
Female,Married,360.04
Male,Married,530
Male,Married,1639.02
Female,Married,710.95
Female,Single,715.28
Female,Single,1269.03
Male,Married,1302.19
Female,Married,550.87
Female,Married,1015.99
Male,Married,893.06
Female,Single,127.32
Male,Married,513.64
Male,Married,512.58
Male,Married,451.92
Female,Single,742.91
Female,Single,236.06
Female,Married,50
Male,Married,623.16
Female,Married,304.19
Female,Married,773.16
Female,Married,340.36
Male,Single,594.79
Male,Other,374.23
Male,Single,1637.87
Female,Single,1064.69
Male,Married,1090.34
Female,Married,957
Male,Married,255.15
Male,Married,860.32
Female,Married,1153.73
Male,Single,556.96
Male,Married,346.91
Female,Single,515.25
Male,Married,840.57
Female,Single,394.43
Male,Married,78.82
Male,Married,685.38
Male,Single,465.65
Female,Married,433.31
Male,Single,1127.95
Male,Married,1384.22
Female,Single,357.49
Female,Married,542.46
Female,Married,599.51
Male,Married,838.33
Male,Single,778.76
Female,Married,1542.51
Female,Single,1014.34
Female,Married,786.56
Male,Single,971.64
Male,Married,1827.56
Male,Married,1956.67
Male,Married,922.83
Male,Married,748.46
Male,Single,696.83
Male,Other,671.38
Male,Married,1669.63
Male,Married,773.08
Male,Married,866.35
Female,Single,1164.99
Male,Married,57.93
Male,Single,421.37
Male,Married,1075.02
Female,Single,970.67
Female,Married,949.17
Female,Single,1302.03
Male,Married,1364.6
Female,Single,363.03
Male,Married,1156.77
Female,Married,1481.62
Male,Married,1144.03
Male,Married,699.3
Female,Married,1935.54
Male,Single,943.53
Male,Married,950.72
Male,Married,302.73
Female,Married,518.95
Male,Single,896.11
Female,Other,600.18
Male,Married,556.34
Male,Married,1017
Female,Single,1835.74
Female,Married,417.84
Male,Married,1099.68
Female,Married,857.69
Female,Single,989.07
Male,Single,1156.53
Male,Other,4731.22
Female,Married,1515.37
Male,Married,1003.24
Male,Single,3989.92
Male,Single,931.33
Female,Married,514.27
Female,Married,376.53
Female,Married,676.53
Female,Married,919.94
Female,Married,50.18
Male,Married,249.94
Male,Married,336.98
Female,Married,497.81
Male,Single,617.63
Male,Married,425.61
Male,Single,524.96
Female,Married,408.58
Male,Married,476.65
Female,Married,652.71
Female,Married,1330.5
Male,Married,669.01
Female,Married,275.3
Female,Married,1093.23
Female,Married,790.35
Male,Other,555.55
Male,Married,1281.66
Female,Single,894.37
Male,Single,411.1
Male,Married,350
Female,Single,50.01
Male,Married,2438.09
Male,Other,2134.94
Male,Married,1149.7
Male,Single,1678.61
Female,Single,1307.63
Female,Married,50.19
Male,Married,612.09
Male,Single,3005.56
Female,Married,3527.6
Female,Married,376.13
Female,Married,295.37
Female,Married,895.28
Male,Married,1100.13
Male,Married,71.1
Male,Married,932.24
Female,Married,1043.55
Male,Married,1500.02
Female,Married,543.17
Male,Single,731.54
Male,Married,1558.57
Female,Single,543.21
Male,Married,3710.45
Male,Married,969.02
Female,Married,2555.88
Male,Other,1138.7
Male,Married,2183.69
Female,Single,1080.26
Male,Married,858.45
Female,Single,2689.19
Female,Married,2538.42
Male,Married,2986.75
Male,Single,1480.16
Male,Married,3260.11
Male,Married,1705.49
Male,Married,1228.43
Male,Married,479.22
Male,Married,2110.45
Male,Married,1222.04
Female,Other,2945.47
Male,Married,10558.83
Male,Single,50
Female,Single,304.86
Male,Married,431.79
Male,Single,1031.23
Male,Married,1141.48
Male,Married,349.86
Male,Other,1637.09
Male,Married,1507.72
Male,Married,422.35
Female,Married,873.34
Male,Married,902.88
Male,Other,1594.72
Female,Married,7302.77
Female,Married,832.75
Male,Other,1673.64
Male,Married,815.15
Female,Married,775.71
Male,Married,861.48
Female,Married,166.2
Male,Married,860.95
Male,Married,1040.72
Male,Single,3857.16
Female,Married,50
Male,Single,822.3
Male,Married,1231.43
Female,Single,775.86
Male,Single,1082.01
Female,Single,633.24
Male,Married,1004.08
Male,Married,1110.56
Male,Single,776.78
Male,Married,50
Male,Married,942.27
Female,Other,863.41
Male,Married,1289.62
Female,Single,1538.19
Male,Single,1404.38
Female,Married,1000.16
Female,Married,767.88
Male,Single,2674.58
Male,Married,657.67
Male,Married,1162.4
Male,Married,2437.03
Female,Married,1270.69
Male,Married,791.37
Female,Married,1766.21
Female,Married,141.9
Male,Married,1633.6
Female,Single,112.53
Female,Married,1036.14
Male,Married,1043.46
Female,Single,84.99
Male,Married,293.39
Female,Married,598.25
Male,Married,1915.03
Male,Single,1283.63
Male,Married,698.33
Female,Married,874.57
Female,Single,586.53
Male,Married,2341.3
Male,Single,1711.49
Male,Single,2409.29
Female,Married,1425.63
Male,Married,769.98
Male,Other,292.78
Male,Married,279.5
Male,Married,569.89
Male,Married,550.93
Female,Single,1079.21
Male,Married,2172.06
Male,Married,1295.36
Female,Married,3317.36
Male,Married,50
Female,Single,50
Female,Single,583.95
Female,Single,982.98
Female,Other,582.41
Female,Married,653.4
Male,Married,1006.48
Female,Single,865.86
Male,Married,498.17
Male,Married,928.51
Female,Married,614.03
Male,Married,904.41
Female,Married,136.35
Male,Married,554.53
Male,Single,432.38
Female,Married,409.12
Male,Married,1208.91
Male,Married,1970.41
Female,Married,50.1
Female,Single,713.75
Male,Married,626.19
Male,Married,900.65
Female,Married,535.41
Female,Married,961.83
Female,Married,525.33
Female,Married,136.65
Female,Married,169.07
Female,Married,289.34
Male,Married,1416.22
Male,Married,765.8
Male,Married,719.32
Male,Single,1267.68
Male,Married,1450.79
Female,Married,50
Female,Married,1044.94
Male,Married,1177.35
Male,Single,1442.85
Male,Married,822.31
Male,Married,836.01
Female,Married,1283.03
Male,Married,852.34
Male,Married,1363.71
Male,Married,1412.98
Male,Single,984.21
Male,Single,1043.23
Female,Married,50
Male,Married,568.88
Male,Married,1009.45
Male,Married,686.44
Male,Married,819.81
Male,Single,707.12
Female,Married,453.37
Male,Single,158.86
Female,Married,622.21
Male,Married,424.76
Female,Other,1287.72
Female,Single,492.19
Male,Married,980.92
Female,Single,608.28
Male,Single,354.78
Female,Married,736.05
Male,Single,818.87
Female,Married,220.15
Female,Single,1494.29
Male,Married,1210.26
Male,Married,1480.46
Female,Married,364.74
Female,Single,304.37
Male,Married,1647.7
Male,Married,1335.17
Male,Married,738.43
Male,Married,51.9
Female,Married,643.51
Male,Married,1783.59
Male,Married,501.57
Female,Married,1202.5
Female,Married,1693.01
Female,Single,1063.65
Male,Married,896.78
Female,Married,693.63
Female,Single,902
Female,Married,854.88
Male,Married,3040.68
Female,Married,719.82
Female,Married,446.39
Male,Married,518.98
Female,Single,628.02
Male,Married,1812.31
Female,Married,742.68
Male,Married,945.3
Female,Married,8532.81
Female,Married,1610.21
Female,Married,1151.5
Male,Married,846.64
Female,Single,871.55
Female,Single,50
Male,Married,773.83
Male,Married,907.58
Female,Married,347.34
Female,Married,791.89
Male,Married,763.23
Male,Married,530.8
Male,Married,1287.89
Female,Married,1164.84
Male,Married,50
Male,Single,73.56
Male,Married,1148.98
Male,Married,662.89
Female,Married,1444.15
Male,Single,628.23
Female,Married,900.11
Male,Married,594.92
Female,Other,108.8
Female,Married,527.08
Male,Married,763.63
Male,Married,249.77
Male,Married,61.75
Female,Married,603.49
Female,Single,5841.5
Female,Other,152.65
Female,Married,344.18
Female,Married,852.5
Male,Married,249.36
Female,Single,1211.24
Female,Married,693.51
Female,Married,718
Male,Married,990.44
Male,Married,1430.83
Female,Married,612.29
Female,Married,467.5
Female,Married,2929.32
Male,Married,54.76
Female,Other,446.2
Male,Single,135.1
Female,Married,686.82
Male,Single,306.15
Male,Married,283.09
Male,Married,490.09
Male,Married,1178.69
Female,Single,772.74
Male,Married,1266.23
Male,Single,1329.38
Female,Married,577.86
Female,Other,485.44
Male,Married,719.2
Female,Married,381.69
Female,Single,1552.87
Female,Married,1184.32
Male,Married,1890.85
Male,Married,621.25
Female,Married,591.05
Female,Married,97.91
Female,Married,420.18
Male,Single,422.61
Male,Married,585.52
Male,Single,1028.33
Male,Married,1350.53
Male,Married,1126.35
Male,Other,1127.91
Female,Single,1135.96
Female,Married,753.25
Male,Married,728.93
Female,Married,542.81
Male,Married,2614.35
Male,Single,1172.63
Female,Married,1837.71
Male,Married,833.31
Male,Married,2518.84
Female,Married,692.24
Male,Married,1443.54
Male,Single,254.54
Male,Married,3574.57
Male,Married,1455.64
Female,Single,59.03
Male,Married,3271
Female,Married,1686.1
Female,Single,2013.32
Female,Married,580.06
Male,Married,687.67
Male,Single,404.72
Male,Married,368.33
Female,Married,960.41
Female,Married,604.78
Male,Married,1225.48
Male,Single,3707.29
Female,Married,1420.68
Female,Married,2106.59
Male,Married,2805.86
Female,Single,933.05
Male,Married,2074.28
Female,Married,2901.42
Female,Married,430.44
Male,Married,1339.52
Female,Single,685.04
Female,Single,734.83
Male,Married,1718.34
Male,Married,598.48
Male,Married,1120.43
Female,Married,131.61
Female,Married,745.19
Male,Single,2055.03
Female,Single,439.03
Male,Married,1760.56
Male,Married,1106.09
Male,Married,2721.48
Male,Married,658.96
Male,Married,258.86
Male,Married,1134.29
Male,Married,2310.5
Male,Married,1396.08
Male,Single,663.41
Male,Married,483.66
Male,Single,6422.51
Male,Married,2021.64
Male,Married,6126.98
Male,Married,1779.28
Male,Married,2357.34
Male,Single,4616.73
Male,Married,2383.3
Male,Married,989.11
Male,Married,744.11
Female,Married,635.1
Female,Married,682.45
Male,Married,1219.55
Male,Single,465.5
Male,Married,1756.69
Male,Married,692.84
Male,Other,1530.73
Female,Married,50.07
Male,Married,774.35
Male,Single,1525.22
Male,Married,1573.84
Female,Married,1566.7
Male,Single,1175.16
Male,Single,1047.21
Female,Married,1159.75
Male,Single,997.46
Male,Married,1061.72
Male,Married,1453.58
Male,Married,882.83
Male,Married,1993.7
Male,Married,104.48
Male,Married,528.91
Female,Single,50
Male,Married,265.5
Female,Married,541
Male,Married,50
Female,Married,799.13
Female,Married,50.56
Male,Married,148.76
Female,Single,272.8
Female,Married,50
Male,Married,1467.22
Male,Married,584.35
Female,Single,100.23
Female,Single,830.61
Female,Married,578.5
Female,Married,50
Female,Single,692.34
Male,Single,2595.61
Male,Married,1570.13
Male,Other,256.58
Male,Married,2436.45
Female,Single,525.8
Male,Married,5538.53
Male,Single,349.38
Female,Married,335.08
Female,Married,2262.44
Male,Other,4121.92
Male,Married,3975.27
Male,Married,2789.95
Female,Married,2640.89
Male,Married,3171.65
Female,Married,1946.57
Female,Married,50.02
Male,Married,1929.18
Male,Married,1574.58
Male,Married,845.77
Male,Married,1127.19
Female,Married,1226.64
Male,Single,2070.39
Male,Single,519.63
Female,Married,349.75
Male,Married,50
Male,Single,3194.43
Female,Married,840.43
Male,Single,632.27
Male,Married,1853.63
Male,Married,869.26
Male,Single,2716.35
Male,Married,1142.2
Male,Married,1951.6
Male,Married,1229.51
Male,Married,1439.43
Male,Married,1328.76
Male,Married,753.91
Female,Single,1228.3
Female,Single,9530.22
Female,Married,683.4
Female,Single,619
Male,Single,867.46
Female,Married,1995.87
Male,Married,903.47
Female,Married,816.16
Female,Married,393.08
Female,Married,2539.68
Male,Married,1024.46
Male,Married,943.24
Male,Single,1650.45
Male,Married,1790.95
Male,Married,302.17
Male,Married,1022.09
Female,Single,184.98
Male,Married,461.42
Male,Married,906.81
Male,Single,943.66
Male,Single,465.51
Male,Married,1535.24
Male,Married,2024.5
Male,Single,748.62
Female,Married,566.5
Female,Single,139.21
Male,Single,51.57
Female,Married,219.42
Female,Other,693.53
Male,Married,748.61
Male,Married,807.21
Female,Single,1480.64
Female,Single,630.2
Female,Married,522.14
Female,Married,685.42
Female,Married,293.6
Female,Married,772.49
Female,Married,873.39
Female,Married,789.18
Female,Married,699.29
Male,Married,318.15
Male,Married,950.17
Male,Married,192.19
Female,Married,2863.21
Female,Single,813.72
Female,Other,593.46
Male,Single,743.3
Female,Married,1040.08
Male,Married,1021.59
Male,Married,757.81
Female,Married,707.42
Female,Single,1553.29
Male,Single,593.71
Female,Married,1134.84
Female,Married,706.32
Female,Single,766.49
Male,Single,508.84
Male,Married,2952.53
Male,Married,1038.4
Female,Other,1662.39
Male,Married,821
Male,Single,2481.01
Female,Married,997.58
Female,Other,433.46
Male,Single,813.23
Female,Single,448.48
Female,Single,434.72
Male,Married,933.32
Male,Married,1754.16
Female,Single,642.69
Female,Single,415.42
Female,Married,174.89
Male,Single,938.14
Male,Single,854.68
Female,Married,709.68
Female,Other,1028.34
Female,Married,97.25
Female,Single,361.96
Male,Single,747.88
Male,Other,637.35
Male,Married,509.65
Male,Married,324.8
Female,Other,747.58
Female,Married,567.19
Female,Married,795.19
Female,Other,636.08
Male,Married,574.73
Female,Single,361.06
Male,Married,1105.63
Male,Married,256.64
Male,Single,2123.65
Female,Married,133.92
Male,Married,342.51
Male,Married,548.34
Male,Married,501.31
Female,Married,557.27
Female,Married,505.92
Male,Married,1066.82
Male,Married,877.32
Male,Married,142.2
Female,Married,610.63
Male,Single,569.15
Female,Married,721.32
Male,Married,454.88
Male,Married,527.26
Male,Single,414.49
Male,Married,840.5
Male,Other,929.42
Female,Single,50.12
Male,Married,409.02
Female,Married,801.6
Male,Married,2326.28
Male,Married,1350.26
Female,Married,87.29
Male,Married,870.93
Female,Married,348.59
Female,Married,234.71
Female,Single,512.48
Male,Married,1135.13
Female,Married,731.35
Male,Single,369.02
Female,Married,3020.99
Male,Single,794.91
Male,Married,864.28
Male,Married,1059.46
Female,Married,484.42
Female,Married,487.92
Male,Married,511.04
Male,Married,427.71
Female,Married,722.8
Male,Single,446.56
Female,Single,1744.66
Female,Married,431.51
Male,Single,1035.8
Male,Married,1762
Female,Married,2308.78
Male,Single,1919.43
Male,Married,1388.88
Female,Married,832.08
Male,Married,360.69
Female,Married,2839.22
Male,Single,2422.3
Male,Married,397.95
Female,Married,1141.01
Female,Married,870.35
Male,Married,2806.86
Male,Single,1314.38
Male,Single,224.33
Male,Married,1447.07
Male,Other,50.54
Female,Married,643.13
Female,Married,1643.96
Male,Single,483.81
Male,Single,483.41
Female,Married,1248.97
Male,Married,284.54
Male,Single,1519.58
Male,Married,460.28
Male,Married,570.55
Male,Married,972.95
Male,Married,1962.84
Female,Married,468.74
Male,Married,833.13
Female,Married,945.91
Female,Single,2194.18
Female,Married,152.34
Female,Single,468.51
Male,Single,928.54
Male,Married,710.28
Male,Other,2050.76
Female,Married,779.25
Male,Single,1150.29
Female,Married,649.66
Female,Married,11962.36
Female,Married,1994.7
Male,Married,1061.35
Male,Married,605.09
Male,Married,208.15
Female,Married,1378.67
Female,Single,1418.56
Female,Single,1517.95
Male,Single,4420.17
Male,Married,1964.64
Male,Married,1901.87
Female,Married,448.04
Female,Other,560.08
Male,Single,707.94
Male,Married,1177.02
Male,Married,1240.24
Male,Married,1924.51
Male,Married,708.95
Female,Married,2076.09
Male,Married,903.75
Male,Single,1591.59
Female,Married,643.32
Male,Other,1192.04
Male,Married,1517.63
Male,Married,2177.2
Male,Single,4259.23
Male,Married,829.35
Male,Other,1812.81
Male,Single,765.09
Male,Married,6489
Female,Married,287.54
Female,Single,766.09
Male,Single,963.48
Female,Single,1201.15
Male,Married,873.58
Male,Single,995.49
Male,Married,1889.4
Male,Married,979.47
Female,Single,4520.62
Male,Other,659.34
Male,Married,223.22
Male,Married,1149.66
Female,Single,50
Female,Partnership,1404
Male,Married,378.92
Male,Married,479.05
Male,Married,1152.32
Male,Married,956.56
Male,Single,1268.74
Male,Married,417.46
Male,Married,2959.38
Male,Married,965.52
Male,Single,4807.76
Male,Married,2177.01
Female,Married,1922.45
Female,Married,2242.99
Female,Married,901.81
Male,Married,595.92
Female,Married,1049.47
Male,Single,1081.78
Male,Married,1214.14
Female,Single,200.76
Male,Married,2822.73
Male,Other,1038.48
Female,Married,2119.87
Male,Other,1987.62
Male,Single,949.72
Male,Single,170.2
Male,Married,765.17
Male,Married,337.14
Female,Married,885.92
Male,Married,1589.53
Male,Married,371.49
Male,Married,291.37
Male,Single,482.04
Female,Married,148.57
Female,Married,860.8
Male,Single,646.05
Female,Married,85.87
Male,Other,460.75
Female,Married,564.76
Male,Married,1775.47
Male,Single,1355.66
Female,Married,366.21
Male,Married,537.92
Female,Married,549.53
Male,Married,832.96
Male,Married,1672.49
Female,Married,2637.08
Male,Married,2114.35
Male,Married,2469.19
Male,Married,671.51
Male,Married,443.48
Female,Single,474.37
Female,Married,738.8
Male,Single,839.37
Male,Other,1630.64
Male,Single,365.27
Male,Married,1004.72
Male,Other,216.3
Male,Married,354.48
Female,Married,1164.09
Female,Married,414.14
Male,Married,2464.59
Male,Married,635
Male,Single,374.01
Male,Married,549.91
Male,Married,710.88
Male,Married,741.13
Female,Married,1446.32
Female,Married,958.03
Male,Married,1096.37
Female,Married,269.15
Male,Other,511.37
Male,Other,1233.89
Male,Married,772.87
Female,Married,581.8
Male,Single,2379.67
Male,Married,757.13
Male,Single,407.38
Female,Single,1346.47
Female,Married,642.96
Female,Married,1321.99
Male,Married,1092.51
Male,Married,961.38
Female,Married,1254.72
Female,Married,914.68
Female,Married,910.33
Female,Other,912.33
Female,Married,324.75
Male,Married,740.21
Male,Married,1441.33
Male,Single,484.31
Male,Married,1219.27
Male,Married,1185.67
Male,Single,1018.4
Male,Married,352.05
Male,Married,1018.66
Male,Married,436.41
Male,Married,763.06
Male,Single,1044.39
Female,Married,642.5
Female,Married,907.94
Male,Married,570.65
Male,Single,1798.45
Male,Married,1598.81
Male,Married,903.15
Male,Single,692.78
Female,Married,1004.71
Female,Single,708.57
Male,Married,1563.99
Male,Married,163.71
Male,Married,698.57
Female,Married,952.32
Male,Married,363.85
Female,Married,741.18
Male,Other,956.51
Male,Married,1776.17
Female,Married,935.85
Female,Married,256.23
Male,Married,834.85
Female,Married,1017.57
Male,Single,270.59
Female,Married,513.52
Male,Married,266.06
Female,Married,459.49
Female,Single,344.07
Female,Married,1074.14
Male,Married,50.34
Male,Single,1559.16
Female,Married,1105.05
Female,Married,878.91
Male,Married,1124.45
Male,Married,1067.08
Male,Married,1003.09
Female,Married,275.53
Female,Married,107.16
Female,Married,50
Male,Single,1451.83
Male,Single,1347.64
Male,Married,1570.96
Male,Married,1049.85
Female,Single,692.87
Male,Married,1384.79
Male,Married,557.87
Female,Married,234.93
Male,Married,429.34
Male,Married,973.97
Male,Married,480.18
Female,Single,1775.58
Male,Single,1243.24
Female,Married,1191.41
Male,Married,1125.93
Male,Married,477.23
Female,Single,499.22
Female,Married,221.17
Male,Married,556.7
Female,Single,90.04
Female,Married,707.3
Female,Married,257.08
Female,Married,1109.28
Female,Single,580.93
Female,Married,1310.93
Male,Married,5903.52
Male,Single,551.79
Female,Single,622.48
Male,Married,444.56
Male,Other,505.78
Male,Married,660.05
Female,Married,298.14
Male,Single,824.67
Female,Single,960.75
Female,Married,590.72
Male,Married,1128.56
Female,Married,1511.41
Female,Married,751.31
Male,Married,1118.61
Female,Single,690.82
Male,Single,585.04
Male,Married,716.77
Male,Married,1694.32
Female,Married,50.1
Male,Married,55.66
Male,Single,964.72
Male,Married,279.89
Female,Single,1345.1
Female,Married,381.37
Male,Married,609.18
Male,Married,1463.48
Female,Married,1471.95
Male,Married,1129.91
Male,Married,723.24
Female,Single,2511.24
Male,Single,1041.31
Male,Married,1094.15
Male,Single,1977.23
Male,Married,741.45
Female,Married,1582.71
Female,Married,683.84
Female,Married,659.69
Female,Married,625.69
Male,Married,453.02
Male,Married,2671.79
Male,Single,176.07
Female,Married,871.21
Female,Married,1921.35
Female,Married,677.05
Female,Single,454.29
Female,Married,677.03
Male,Married,1618.35
Male,Married,1312.95
Female,Married,613.29
Male,Other,1398.47
Female,Married,704.74
Male,Other,2390.2
Male,Married,661.96
Male,Married,2447.15
Male,Married,813.25
Male,Married,1178.15
Female,Married,1918.03
Female,Single,290.82
Male,Single,2261.4
Male,Married,343.57
Male,Married,3593.55
Female,Married,2065.02
Male,Married,4937.97
Female,Married,646.42
Male,Single,1160.46
Female,Married,418.16
Male,Married,901.81
Female,Married,829.27
Male,Married,564.92
Female,Single,1150.68
Female,Married,199.68
Male,Single,1767.83
Male,Married,279.37
Female,Single,1080.33
Male,Single,760.6
Female,Single,2057.47
Male,Married,833.16
Male,Married,615.04
Male,Single,270.01
Male,Married,730.02
Female,Married,1102.02
Male,Married,905.94
Male,Married,50
Male,Single,134.57
Male,Married,720.4
Male,Single,532.89
Female,Married,550.83
Male,Married,6434.04
Male,Single,76.6
Male,Married,8420.19
Male,Married,1613.2
Female,Single,938.52
Female,Married,2163.33
Male,Single,50
Female,Married,767.26
Male,Married,4088.68
Male,Married,50
Male,Married,2896.46
Male,Married,867.8
Male,Married,2010.53
Male,Married,2096.12
Female,Married,51.16
Male,Married,3079.03
Male,Married,1050.63
Male,Married,475.84
Female,Married,100
Male,Married,406.38
Male,Married,4204.22
Female,Married,1569.29
Male,Married,907.88
Male,Married,1118.57
Female,Married,626.36
Male,Married,630.35
Male,Single,1485.84
Female,Single,336.16
Female,Married,2647.42
Male,Married,1834.78
Female,Single,3485.49
Male,Single,631.36
Male,Married,861.08
Female,Married,59.56
Female,Married,50
Female,Married,970.79
Female,Married,679.12
Female,Married,509.39
Female,Single,961.01
Male,Married,688.97
Male,Married,218.56
Male,Other,132.08
Female,Married,1114.64
Female,Married,748.33
Female,Single,215.7
Male,Married,305.71
Male,Single,605.65
Male,Single,988.64
Female,Other,788.57
Male,Single,564.81
Female,Single,661.61
Female,Married,446.01
Female,Married,665.34
Female,Single,1181.07
Male,Other,1101.09
Male,Single,1308.68
Male,Married,603.28
Male,Married,1252.6
Female,Married,50.09
Female,Married,2751.41
Male,Married,2241.55
Male,Married,628.24
Male,Married,372.39
Female,Married,421.07
Male,Married,995.63
Male,Single,1966.99
Male,Single,1589.13
Female,Married,579.02
Female,Married,601.54
Male,Married,1864.79
Male,Married,627.02
Male,Married,397
Male,Married,583.33
Female,Married,369.21
Female,Single,50.87
Male,Married,743.71
Female,Other,555.22
Female,Single,1121.4
Male,Married,605.39
Female,Married,427.93
Male,Married,532.63
Male,Married,825.6
Male,Married,141.82
Female,Single,436.92
Female,Married,1994.95
Male,Married,658.96
Male,Married,663.75
Male,Married,89.79
Male,Married,768.79
Female,Married,602.02
Male,Married,662.07
Male,Married,836.63
Female,Married,577.38
Male,Married,570.77
Male,Married,2767.41
Male,Single,928.29
Female,Married,732.44
Female,Married,588.35
Male,Married,718.57
Male,Married,537.09
Male,Single,664.78
Female,Single,715.71
Male,Single,2550.98
Female,Married,80.05
Male,Married,2355.99
Female,Married,892.14
Male,Other,1196.07
Male,Married,1169.19
Male,Single,627.27
Male,Single,319.07
Male,Single,2054.36
Female,Partnership,1114.55
Female,Married,1135.5
Male,Married,784.8
Female,Married,940.45
Female,Married,330.45
Female,Married,101.88
Female,Single,1186.08
Female,Married,1475.05
Female,Married,1162.64
Male,Single,1269.78
Male,Married,2058.22
Female,Married,577.63
Male,Married,807.88
Female,Married,528.01
Male,Married,475.94
Male,Married,1502.57
Male,Married,943.35
Male,Single,602.01
Female,Married,1152.72
Male,Single,387.19
Male,Single,550.51
Female,Married,1182.78
Male,Married,1646.25
Female,Married,350.19
Male,Married,2001.57
Female,Married,2417.49
Male,Married,259.25
Male,Married,518.67
Female,Married,886.45
Female,Married,1047.49
Female,Married,825.09
Female,Married,1057.2
Female,Married,403.74
Female,Married,1482.17
Male,Married,1004.66
Female,Married,6692.86
Male,Married,7821.27
Male,Married,3705.85
Male,Other,983.13
Male,Single,5574.25
Female,Married,4405.12
Female,Married,1305.33
Male,Single,492.14
Male,Married,2833.29
Male,Married,1911.43
Male,Married,1144.6
Male,Single,1207.52
Female,Married,1210.11
Male,Single,570.66
Female,Single,1839.66
Male,Married,637.58
Female,Married,938
Female,Married,5592.17
Male,Married,2294.47
Male,Married,50
Female,Married,2168.09
Male,Married,884.04
Female,Married,456.24
Female,Single,341.25
Male,Married,1110.89
Male,Married,1261.69
Male,Married,765.95
Female,Married,653.28
Male,Married,791.62
Male,Married,647.64
Female,Single,708.82
Female,Married,872.37
Female,Single,527.11
Female,Married,1325.76
Male,Married,1012.32
Male,Married,3000.26
Male,Single,1334.06
Female,Married,50.85
Male,Married,1463.53
Male,Married,1538.12
Male,Married,850.37
Male,Single,133.37
Male,Married,1175.28
Male,Married,766.5
Male,Married,60.28
Male,Married,976.32
Female,Other,1046.36
Female,Single,660.77
Female,Married,1004.7
Male,Married,2077.42
Male,Single,1302.34
Male,Married,898.76
Female,Married,680.39
Male,Single,374.18
Male,Other,323.64
Male,Married,1155.33
Female,Single,12163.62
Male,Married,310.43
Female,Married,635.84
Male,Married,698.74
Male,Married,1044.15
Male,Single,844.34
Male,Single,695.44
Male,Married,429.86
Male,Married,627.46
Female,Married,1345.59
Female,Married,559.1
Male,Other,242.86
Female,Married,1359.76
Male,Married,141.69
Male,Married,2271.7
Female,Married,769.52
Male,Married,1278.8
Male,Married,481.55
Male,Married,1162.02
Female,Married,917.61
Female,Single,596.74
Female,Married,832.2
Male,Married,869.69
Female,Married,781.26
Male,Single,1336.9
Female,Married,1190.33
Male,Married,2519.44
Female,Married,1167.69
Male,Other,1304.06
Male,Married,4422.39
Male,Married,691.44
Male,Married,1434.96
Female,Married,524.56
Male,Married,868.89
Male,Married,966.8
Female,Married,1091.65
Female,Married,1205.85
Male,Married,720.39
Male,Married,494.37
Male,Married,532.41
Male,Married,1001.27
Female,Married,871.73
Female,Married,541.46
Female,Single,3495.88
Male,Married,661.59
Female,Other,123.39
Male,Married,79.98
Female,Married,1519.86
Male,Married,1789.44
Male,Married,222.1
Male,Married,1724.66
Female,Married,433.65
Female,Married,141.56
Female,Married,918.56
Male,Married,2889.72
Male,Married,649.26
Male,Single,1185.07
Male,Single,1071.39
Female,Single,115.5
Male,Single,682.57
Male,Married,648.41
Male,Married,1200.83
Male,Married,518.35
Female,Married,1133.12
Male,Married,1313.12
Male,Married,2197
Female,Married,50.27
Male,Single,135.19
Female,Married,518.69
Female,Married,60.03
Female,Single,695.27
Female,Single,1618.83
Male,Married,1797.07
Male,Married,673.98
Male,Married,1097.83
Female,Single,83.06
Male,Married,247.84
Female,Married,475.97
Male,Married,903.89
Female,Single,1297.56
Female,Married,973.59
Female,Single,467.02
Male,Other,566.04
Female,Single,1079.45
Male,Married,585.3
Male,Married,601.72
Female,Married,726.48
Female,Married,607.14
Female,Single,344.2
Female,Single,576.73
Female,Married,499.78
Female,Single,418.04
Female,Married,439.52
Male,Married,241.33
Male,Married,2276.15
Male,Married,885.04
Female,Other,221.15
Male,Married,807.31
Male,Single,656.77
Male,Married,839.03
Male,Married,884.81
Male,Single,520.44
Male,Married,1219.75
Female,Single,810.51
Male,Married,1158.11
Male,Married,1680.53
Female,Single,840.53
Male,Single,990.04
Male,Married,1550.14
Male,Married,651.7
Male,Married,610.9
Male,Single,491.9
Female,Other,912.22
Male,Married,624.58
Female,Married,649.21
Female,Single,1717.1
Female,Married,1209.72
Male,Married,634.93
Female,Married,3199.58
Female,Single,291.02
Female,Other,1998.45
Male,Married,2010.08
Male,Married,1897.9
Female,Married,2106.36
Male,Single,442.73
Male,Single,9143.75
Male,Single,330.98
Male,Married,2169.45
Male,Single,1640.28
Male,Married,1743.59
Male,Single,563.74
Female,Single,2262.27
Female,Married,2549.18
Male,Married,595.17
Female,Married,801.11
Female,Single,50
Female,Married,1286.57
Male,Married,1800.21
Female,Other,490.49
Female,Married,50
Male,Married,445.89
Female,Single,286.06
Female,Other,62.94
Male,Married,1913.62
Female,Married,56.79
Male,Married,1504.31
Male,Married,530.13
Male,Single,1154.68
Male,Married,50
Male,Married,361.36
Female,Married,94.88
Male,Single,630.28
Male,Single,997.46
Female,Married,1269.92
Male,Married,1218.08
Male,Married,917.27
Female,Married,377.23
Female,Married,1221.11
Male,Single,163.77
Female,Married,988.55
Female,Married,839.77
Male,Married,500.61
Female,Single,51.31
Female,Married,1977.31
Female,Married,1064.06
Male,Married,2033.93
Male,Single,421.16
Female,Married,443.46
Female,Other,286.9
Male,Married,264.48
Male,Married,2200.95
Male,Married,901.25
Female,Other,50
Male,Single,555.84
Female,Married,472.2
Male,Married,740.5
Male,Married,1092.69
Female,Married,52.41
Female,Married,535.02
Female,Married,786.04
Female,Single,726.71
Male,Married,1197.06
Male,Married,1237.03
Female,Married,817.74
Female,Married,1781.45
Female,Married,2960.16
Male,Married,858.66
Male,Single,1359.01
Male,Married,840.62
Female,Married,1341.51
Female,Married,1551.76
Female,Married,134.28
Female,Single,143.16
Female,Single,1712.39
Male,Married,1565.5
Male,Married,1707.84
Female,Married,4798.98
Male,Married,3201.74
Female,Single,1364.07
Female,Married,1170.72
Female,Married,807.64
Female,Married,435.89
Female,Married,1414.13
Female,Married,734.72
Female,Married,2456.37
Male,Married,617.7
Female,Single,515.28
Male,Married,2354.38
Female,Married,2359.05
Female,Married,97.37
Male,Married,881.97
Male,Married,899.53
Female,Single,395.3
Male,Married,1060.36
Male,Married,275.63
Female,Married,441.55
Female,Married,973.17
Male,Single,956.37
Male,Married,366.46
Female,Married,2086.9
Male,Married,1008.8
Male,Married,569.89
Male,Single,1676.87
Male,Married,1168.05
Female,Single,664.73
Male,Married,1335.66
Male,Married,784.67
Female,Married,50
Female,Married,963.89
Male,Married,2269.58
Male,Married,2254.54
Male,Married,559.46
Male,Single,2649.06
Female,Married,365.8
Male,Married,431.58
Male,Married,735.03
Male,Other,791.09
Male,Single,1109.57
Female,Married,664.93
Male,Married,1753.18
Male,Married,758.95
Male,Single,858.47
Female,Single,1558.7
Male,Married,335.12
Female,Married,319.28
Male,Married,1686.77
Female,Married,373.65
Male,Married,1211.85
Male,Single,1327.76
Male,Married,625.72
Male,Married,322.45
Female,Married,461.74
Female,Married,502.72
Male,Married,2877.25
Female,Married,1207.99
Female,Single,1617.16
Male,Single,60.83
Male,Single,136.25
Male,Married,2102.55
Female,Single,977.92
Male,Single,2294.8
Female,Married,1377.53
Male,Married,2032.1
Male,Single,650.32
Male,Married,777.72
Male,Married,418.81
Female,Married,645.51
Male,Married,6591.27
Female,Married,70.9
Male,Single,177.37
Male,Married,1244.29
Female,Married,974.2
Male,Married,943.57
Male,Married,1456.13
Female,Married,50
